doc_zone,qtf,k1,b,n,MAP,MRR,R@10,nDCG@10,extended_grid
all,binary,0.9,0.4,626,0.045,0.0737,0.0746,0.0506,
all,binary,0.9,0.6,626,0.0549,0.0912,0.0929,0.0637,
all,binary,0.9,0.75,626,0.0623,0.1053,0.1066,0.0738,
all,binary,0.9,0.9,626,0.0686,0.1168,0.12,0.0827,
all,binary,1.2,0.4,626,0.0486,0.0798,0.0806,0.055,
all,binary,1.2,0.6,626,0.0606,0.1003,0.0986,0.0696,
all,binary,1.2,0.75,626,0.0665,0.1124,0.1161,0.0793,
all,binary,1.2,0.9,626,0.0742,0.1261,0.1291,0.0894,
all,binary,1.5,0.4,626,0.0505,0.0828,0.0826,0.057,
all,binary,1.5,0.6,626,0.0628,0.1039,0.1081,0.0737,
all,binary,1.5,0.75,626,0.0698,0.1189,0.1173,0.0824,
all,binary,1.5,0.9,626,0.0801,0.1353,0.1351,0.0959,
all,binary,2.0,0.4,626,0.0535,0.0872,0.0871,0.0607,
all,binary,2.0,0.6,626,0.0661,0.1091,0.1147,0.0782,
all,binary,2.0,0.75,626,0.0751,0.128,0.1316,0.0906,
all,binary,2.0,0.9,626,0.0866,0.1427,0.1472,0.1044,
all,raw,0.9,0.4,626,0.0632,0.1024,0.1082,0.0732,
all,raw,0.9,0.6,626,0.0722,0.1189,0.1251,0.0854,
all,raw,0.9,0.75,626,0.0775,0.1275,0.1354,0.0926,
all,raw,0.9,0.9,626,0.0839,0.1364,0.1434,0.1,
all,raw,1.2,0.4,626,0.0654,0.1064,0.1143,0.0768,
all,raw,1.2,0.6,626,0.0768,0.1251,0.1315,0.0908,
all,raw,1.2,0.75,626,0.0826,0.1338,0.143,0.0987,
all,raw,1.2,0.9,626,0.0884,0.1427,0.1498,0.1051,
all,raw,1.5,0.4,626,0.0674,0.1101,0.1171,0.079,
all,raw,1.5,0.6,626,0.0798,0.1296,0.1358,0.0946,
all,raw,1.5,0.75,626,0.087,0.1399,0.1483,0.1038,
all,raw,1.5,0.9,626,0.0927,0.1481,0.1516,0.1085,
all,raw,2.0,0.4,626,0.0722,0.1187,0.1253,0.0857,
all,raw,2.0,0.6,626,0.0855,0.1363,0.1378,0.0994,
all,raw,2.0,0.75,626,0.0915,0.1452,0.151,0.1073,
all,raw,2.0,0.9,626,0.1003,0.157,0.1586,0.1165,
all,saturated,0.9,0.4,626,0.0493,0.0807,0.0826,0.0559,
all,saturated,0.9,0.6,626,0.0591,0.0968,0.1054,0.0698,
all,saturated,0.9,0.75,626,0.0674,0.1123,0.1173,0.0802,
all,saturated,0.9,0.9,626,0.0741,0.1243,0.1298,0.0892,
all,saturated,1.2,0.4,626,0.0534,0.0863,0.0879,0.0604,
all,saturated,1.2,0.6,626,0.0632,0.1043,0.1131,0.0751,
all,saturated,1.2,0.75,626,0.0724,0.1209,0.1239,0.086,
all,saturated,1.2,0.9,626,0.0806,0.1333,0.1374,0.0967,
all,saturated,1.5,0.4,626,0.0544,0.0885,0.0946,0.0631,
all,saturated,1.5,0.6,626,0.0668,0.1099,0.1169,0.079,
all,saturated,1.5,0.75,626,0.0762,0.126,0.1353,0.0921,
all,saturated,1.5,0.9,626,0.0846,0.1391,0.1413,0.1006,
all,saturated,2.0,0.4,626,0.057,0.0918,0.0997,0.0661,
all,saturated,2.0,0.6,626,0.0708,0.1165,0.1203,0.0831,
all,saturated,2.0,0.75,626,0.082,0.1344,0.1414,0.0984,
all,saturated,2.0,0.9,626,0.0903,0.1448,0.1542,0.1082,
fi,binary,0.9,0.4,626,0.0461,0.0809,0.0843,0.0563,
fi,binary,0.9,0.6,626,0.0563,0.0968,0.1062,0.0708,
fi,binary,0.9,0.75,626,0.0668,0.1138,0.1141,0.0811,
fi,binary,0.9,0.9,626,0.0735,0.1292,0.1279,0.0909,
fi,binary,1.2,0.4,626,0.0481,0.0848,0.0901,0.0596,
fi,binary,1.2,0.6,626,0.0599,0.1025,0.1118,0.075,
fi,binary,1.2,0.75,626,0.0721,0.1248,0.1265,0.0891,
fi,binary,1.2,0.9,626,0.0786,0.1392,0.1361,0.0976,
fi,binary,1.5,0.4,626,0.0492,0.0863,0.0913,0.0607,
fi,binary,1.5,0.6,626,0.062,0.107,0.1161,0.0779,
fi,binary,1.5,0.75,626,0.0749,0.131,0.1283,0.0919,
fi,binary,1.5,0.9,626,0.0809,0.1417,0.1394,0.0999,
fi,binary,2.0,0.4,626,0.0517,0.0898,0.0958,0.0638,
fi,binary,2.0,0.6,626,0.0656,0.1147,0.1203,0.0817,
fi,binary,2.0,0.75,626,0.0783,0.1354,0.1381,0.0972,
fi,binary,2.0,0.9,626,0.0862,0.1512,0.1467,0.1063,
fi,raw,0.9,0.4,626,0.0617,0.1106,0.1182,0.0791,
fi,raw,0.9,0.6,626,0.0713,0.1222,0.1187,0.0858,
fi,raw,0.9,0.75,626,0.0771,0.1325,0.128,0.0924,
fi,raw,0.9,0.9,626,0.0826,0.1411,0.134,0.0986,
fi,raw,1.2,0.4,626,0.0625,0.1104,0.1178,0.0789,
fi,raw,1.2,0.6,626,0.0723,0.1238,0.1223,0.0869,
fi,raw,1.2,0.75,626,0.0797,0.1351,0.1353,0.0963,
fi,raw,1.2,0.9,626,0.0866,0.1442,0.1414,0.1035,
fi,raw,1.5,0.4,626,0.063,0.1098,0.1162,0.0782,
fi,raw,1.5,0.6,626,0.0737,0.1254,0.1255,0.0886,
fi,raw,1.5,0.75,626,0.0815,0.1367,0.1388,0.0988,
fi,raw,1.5,0.9,626,0.0889,0.1482,0.1428,0.1057,
fi,raw,2.0,0.4,626,0.0623,0.1073,0.1165,0.077,
fi,raw,2.0,0.6,626,0.0762,0.1291,0.1307,0.0923,
fi,raw,2.0,0.75,626,0.0842,0.1407,0.1413,0.1016,
fi,raw,2.0,0.9,626,0.0919,0.1515,0.145,0.1086,
fi,saturated,0.9,0.4,626,0.0496,0.0868,0.0971,0.0626,
fi,saturated,0.9,0.6,626,0.0617,0.1066,0.114,0.0772,
fi,saturated,0.9,0.75,626,0.0692,0.1195,0.1238,0.0857,
fi,saturated,0.9,0.9,626,0.0772,0.1333,0.1332,0.0946,
fi,saturated,1.2,0.4,626,0.0523,0.092,0.0997,0.0656,
fi,saturated,1.2,0.6,626,0.0647,0.1106,0.1204,0.0808,
fi,saturated,1.2,0.75,626,0.0745,0.1296,0.1341,0.0928,
fi,saturated,1.2,0.9,626,0.0828,0.1432,0.1472,0.1035,
fi,saturated,1.5,0.4,626,0.054,0.0943,0.1025,0.0675,
fi,saturated,1.5,0.6,626,0.0661,0.114,0.1264,0.0839,
fi,saturated,1.5,0.75,626,0.0766,0.1332,0.1382,0.0957,
fi,saturated,1.5,0.9,626,0.0856,0.148,0.1518,0.1069,
fi,saturated,2.0,0.4,626,0.0564,0.0972,0.1058,0.0698,
fi,saturated,2.0,0.6,626,0.0704,0.122,0.1292,0.0878,
fi,saturated,2.0,0.75,626,0.0813,0.1391,0.1432,0.1007,
fi,saturated,2.0,0.9,626,0.0892,0.1538,0.1567,0.1113,
all,raw,2.0,1.0,626,0.1049,0.1626,0.1634,0.1218,True
all,raw,3.0,0.9,626,0.1069,0.1645,0.1638,0.1231,True
all,raw,3.0,1.0,626,0.1103,0.1694,0.1733,0.1291,True
all,raw,4.0,0.9,626,0.1084,0.1657,0.165,0.1244,True
all,raw,4.0,1.0,626,0.1143,0.1758,0.1758,0.1331,True
all,raw,6.0,0.9,626,0.1114,0.1705,0.1731,0.1291,True
all,raw,6.0,1.0,626,0.1193,0.1811,0.1787,0.1368,True
all,raw,8.0,0.9,626,0.1137,0.1744,0.1764,0.1316,True
all,raw,8.0,1.0,626,0.1215,0.1862,0.1813,0.1391,True
all,raw,12.0,0.9,626,0.114,0.176,0.1866,0.1352,True
all,raw,12.0,1.0,626,0.1242,0.1913,0.1837,0.1421,True
all,raw,20.0,0.9,626,0.1133,0.1795,0.1953,0.1386,True
all,raw,20.0,1.0,626,0.1227,0.1903,0.1908,0.1435,True
fi,raw,2.0,1.0,626,0.0948,0.1555,0.1499,0.1123,True
fi,raw,3.0,0.9,626,0.0927,0.1527,0.1524,0.1115,True
fi,raw,3.0,1.0,626,0.0954,0.1577,0.1568,0.115,True
fi,raw,4.0,0.9,626,0.0932,0.1539,0.1516,0.1115,True
fi,raw,4.0,1.0,626,0.0925,0.1553,0.156,0.112,True
fi,raw,6.0,0.9,626,0.0889,0.1528,0.1544,0.1094,True
fi,raw,6.0,1.0,626,0.0935,0.1567,0.1531,0.1117,True
fi,raw,8.0,0.9,626,0.0875,0.1523,0.1551,0.1087,True
fi,raw,8.0,1.0,626,0.0913,0.155,0.1503,0.1093,True
fi,raw,12.0,0.9,626,0.0853,0.1518,0.1515,0.1061,True
fi,raw,12.0,1.0,626,0.0865,0.1501,0.1531,0.107,True
fi,raw,20.0,0.9,626,0.0798,0.141,0.1506,0.1013,True
fi,raw,20.0,1.0,626,0.0803,0.1399,0.1441,0.0986,True
