audit,system,metric,delta,lo95,hi95
a_no_leave_one_out_train_queries,config_A,MAP,0.6061,0.5877,0.6249
a_no_leave_one_out_train_queries,config_A,MRR,0.5874,0.5658,0.6095
a_no_leave_one_out_train_queries,config_A,nDCG@10,0.5902,0.5712,0.6097
a_no_leave_one_out_train_queries,config_A,R@10,0.51,0.4895,0.531
a_no_leave_one_out_train_queries,config_A,R@20,0.4295,0.4097,0.4499
a_no_leave_one_out_train_queries,neighbour_alone,MAP,0.7348,0.7161,0.7538
a_no_leave_one_out_train_queries,neighbour_alone,MRR,0.6609,0.6392,0.6839
a_no_leave_one_out_train_queries,neighbour_alone,nDCG@10,0.7024,0.6826,0.7227
a_no_leave_one_out_train_queries,neighbour_alone,R@10,0.6491,0.6276,0.6702
a_no_leave_one_out_train_queries,neighbour_alone,R@20,0.5833,0.5617,0.6054
a_no_leave_one_out_train_queries,authority_alone,MAP,0.0011,0.001,0.0012
a_no_leave_one_out_train_queries,authority_alone,MRR,0.001,0.0009,0.0011
a_no_leave_one_out_train_queries,authority_alone,nDCG@10,0.0025,0.0015,0.0035
a_no_leave_one_out_train_queries,authority_alone,R@10,0.0064,0.0037,0.0092
a_no_leave_one_out_train_queries,authority_alone,R@20,0.0047,0.0025,0.0071
b_authority_train_plus_dev_links_vs_train_only_scoring_dev,config_A,MAP,0.003,0.0018,0.0043
b_authority_train_plus_dev_links_vs_train_only_scoring_dev,config_A,MRR,0.0024,-0.0001,0.0048
b_authority_train_plus_dev_links_vs_train_only_scoring_dev,config_A,nDCG@10,0.0029,0.0008,0.0051
b_authority_train_plus_dev_links_vs_train_only_scoring_dev,config_A,R@10,0.0056,0.0002,0.012
b_authority_train_plus_dev_links_vs_train_only_scoring_dev,config_A,R@20,0.0119,0.0053,0.0201
b_authority_train_plus_dev_links_vs_train_only_scoring_dev,authority_alone,MAP,0.0008,0.0007,0.0009
b_authority_train_plus_dev_links_vs_train_only_scoring_dev,authority_alone,MRR,0.0009,0.0007,0.0012
b_authority_train_plus_dev_links_vs_train_only_scoring_dev,authority_alone,nDCG@10,0.0001,-0.0,0.0001
b_authority_train_plus_dev_links_vs_train_only_scoring_dev,authority_alone,R@10,0.0,0.0,0.0
b_authority_train_plus_dev_links_vs_train_only_scoring_dev,authority_alone,R@20,0.0025,0.0005,0.0051
c_citation_scrubbing_off_vs_on_dev,tfidf,MAP,0.0002,0.0,0.0006
c_citation_scrubbing_off_vs_on_dev,tfidf,MRR,0.0005,-0.0,0.0011
c_citation_scrubbing_off_vs_on_dev,tfidf,nDCG@10,0.0002,0.0,0.0004
c_citation_scrubbing_off_vs_on_dev,tfidf,R@10,0.0,0.0,0.0
c_citation_scrubbing_off_vs_on_dev,tfidf,R@20,0.0004,0.0,0.0012
c_citation_scrubbing_off_vs_on_dev,config_A,MAP,0.0004,-0.0,0.0011
c_citation_scrubbing_off_vs_on_dev,config_A,MRR,0.0,-0.0,0.0001
c_citation_scrubbing_off_vs_on_dev,config_A,nDCG@10,0.0004,0.0,0.001
c_citation_scrubbing_off_vs_on_dev,config_A,R@10,0.0005,0.0,0.0014
c_citation_scrubbing_off_vs_on_dev,config_A,R@20,0.0009,0.0001,0.0021
d_temporal_filter_on_vs_off_dev,tfidf,MAP,0.0068,0.0002,0.0121
d_temporal_filter_on_vs_off_dev,tfidf,MRR,0.0105,0.0027,0.0176
d_temporal_filter_on_vs_off_dev,tfidf,nDCG@10,0.0078,0.0004,0.0141
d_temporal_filter_on_vs_off_dev,tfidf,R@10,0.0098,-0.0002,0.0197
d_temporal_filter_on_vs_off_dev,tfidf,R@20,0.021,0.0082,0.034
d_temporal_filter_on_vs_off_dev,config_A,MAP,0.0106,0.0042,0.0166
d_temporal_filter_on_vs_off_dev,config_A,MRR,0.0168,0.0094,0.0249
d_temporal_filter_on_vs_off_dev,config_A,nDCG@10,0.0141,0.0072,0.0211
d_temporal_filter_on_vs_off_dev,config_A,R@10,0.0172,0.006,0.0295
d_temporal_filter_on_vs_off_dev,config_A,R@20,0.0128,0.0006,0.0251
